Event ID,Director ID
21301,468
21301,633
21302,1447
21303,1529
21304,793
21305,2307
21307,2390
21308,689
21309,1171
21310,520
21311,1324
21312,183
21312,2166
21313,2370
21314,999
21315,2370
21316,2370
21319,1288
21320,2306
21321,1756
21322,255
21323,1012
21324,680
21325,1608
21326,1603
21327,1520
21328,1160
21329,780
21330,2325
21331,785
21332,743
21333,2395
21334,1300
21335,2263
21336,1436
21337,2036
21338,85
21339,85
21344,85
21345,2370
21346,502
21347,504
21348,340
21349,1854
21350,446
21351,1336
21352,499
21354,26
21355,1874
21356,1074
21357,2213
21358,1136
21359,1817
21360,2370
21361,2370
21362,485
21363,2406
21364,287
21365,819
21366,2212
21367,2184
21368,2212
21369,2400
21371,301
21372,1252
21373,1155
21377,1314
21378,1029
21379,1616
21380,1166
21381,1298
21382,2389
21383,380
21384,143
21384,1356
21385,672
21386,1659
21387,1995
21388,136
21389,398
21390,2214
21391,2142
21392,1436
21393,2317
21394,1436
21395,1436
21401,1509
21402,792
21403,2352
21404,1703
21405,1258
21406,255
21407,490
21408,1180
21409,600
21410,1647
21411,279
21412,55
21413,784
21414,2235
21415,85
21416,2183
21417,1040
21417,1423
21418,1940
21419,1082
21420,1442
21422,1841
21425,650
21426,1206
21427,1298
21428,927
21429,927
21430,79
21430,505
21431,242
21432,1952
21433,1503
21434,1024
21435,329
21436,1630
21437,709
21438,1438
21439,650
21440,1021
21441,2041
21442,2347
21446,751
21447,751
21449,1807
21450,72
21453,1012
21454,1829
21455,161
21456,956
21457,2134
21465,1713
21466,2298
21467,1612
21469,751
21470,751
21471,751
21472,751
21473,2176
21475,2283
21476,1084
21477,545
21478,1242
21479,247
21480,977
21481,579
21482,1971
21483,540
21484,1088
21485,1545
21486,1803
21487,2134
21488,2134
21489,2134
21491,1143
21492,2259
21494,2410
21497,2444
21498,1508
21499,286
21500,2235
21501,1800
21502,1765
21503,1765
21504,1309
21505,814
21506,1144
21507,1747
21508,1537
21509,435
21510,1655
21511,531
21512,1897
21513,811
21514,341
21515,1411
21516,822
21517,513
21518,814
21519,748
21520,1866
21521,403
21529,1383
21530,545
21530,1821
21531,225
21532,2199
21533,92
21534,534
21535,534
21536,101
21537,329
21538,329
21539,2079
21541,1605
21542,943
21549,1982
21550,918
21553,781
21554,820
21555,1770
21556,1532
21557,820
21558,1583
21559,1184
21561,1575
21562,1184
21563,1184
21564,1803
21565,1643
21566,1037
21571,1389
21572,2169
21573,2359
21574,1247
21575,1704
21576,1527
21577,563
21578,562
21579,1118
21580,564
21581,1768
21582,1357
21583,366
21584,2194
21586,1802
21587,1668
21588,1906
21589,944
21590,598
21590,699
21591,1353
21594,972
21594,1759
21595,1631
21596,1156
21598,797
21599,2316
21600,2160
21601,507
21603,1990
21604,906
21605,1281
21606,1357
21607,1357
21608,1862
21609,1611
21610,2020
21612,298
21613,1357
21614,418
21615,1868
21616,662
21617,969
21618,1357
21619,1357
21620,2256
21621,333
21623,491
21624,878
21625,743
21626,398
21627,1672
21628,2256
21629,2256
21630,2256
21631,1569
21632,1364
21637,2315
21638,552
21639,264
21642,5
21643,2409
21645,2256
21646,1298
21647,767
21648,965
21649,1369
21654,2410
21656,1637
21657,1709
21658,397
21659,226
21660,2444
21666,574
21667,2065
21668,778
21668,2188
21670,1718
21670,1859
21671,1189
21672,976
21673,145
21674,264
21677,259
21678,1172
21679,490
21680,718
21681,1497
21682,704
21683,714
21684,714
21685,2199
21686,1415
21688,1897
21689,1996
21690,1239
21690,2351
21691,486
21692,2086
21693,1809
21694,613
21694,1032
21695,608
21696,1521
21698,1599
21699,2050
21700,284
21701,1000
21702,1616
21703,420
21716,504
21717,2199
21719,55
21720,313
21724,1590
21725,1005
21726,688
21727,1122
21728,72
21729,936
21730,72
21731,72
21732,72
21733,708
21733,1280
21734,173
21735,817
21736,1231
21737,1805
21738,347
21739,24
21740,1630
21741,1209
21742,1360
21743,2099
21744,10
21745,1205
21746,1023
21747,2456
21748,714
21749,1464
21750,1555
21751,709
21752,1462
21755,1358
21756,1306
21757,1756
21758,395
21759,23
21760,2076
21761,1408
21762,2034
21763,1088
21765,1886
21766,622
21767,744
21773,744
21774,744
21775,622
21776,622
21777,1838
21778,234
21779,1298
21780,1298
21781,2049
21782,1635
21785,1298
21786,1969
21787,1158
21788,1991
21789,2235
21790,1298
21791,552
21792,2027
21793,1611
21795,1872
21796,22
21797,2443
21798,767
21799,1060
21800,2164
21802,57
21808,814
21809,814
21810,259
21811,1241
21812,659
21813,1338
21814,220
21815,1134
21816,2349
21817,1043
21818,404
21819,743
21820,1841
21821,843
21826,191
21828,80
21829,66
21830,1993
21831,1125
21834,2006
21835,2189
21836,2308
21837,1600
21839,2307
21840,1297
21840,2244
21841,530
21841,725
21842,51
21842,692
21843,1310
21844,1750
21845,1442
21846,1556
21847,2101
21848,1802
21850,1116
21851,400
21852,1572
21853,1688
21854,131
21855,2431
21856,2401
21857,1947
21858,776
21859,1037
21860,1037
21861,1037
21862,1679
21863,350
21864,1679
21865,404
21866,1325
21867,1644
21868,2323
21869,1791
21870,218
21871,1376
21872,1378
21874,219
21877,1037
21878,2003
21879,101
21880,101
21881,101
21882,101
21883,101
21884,101
21885,101
21886,101
21887,101
21890,977
21892,2050
21894,980
21895,1041
21898,2368
21899,750
21900,980
21901,1037
21902,2011
21903,1037
21906,1041
21906,1467
21907,2120
21908,733
21909,1041
21909,1467
21910,1118
21921,1460
21922,843
21926,1600
21927,124
21928,198
21930,1037
21931,1769
21932,374
21932,1058
21933,1981
21934,1492
21935,2272
21936,1630
21937,436
21938,436
21939,1248
21944,727
21945,2262
21946,1430
21947,880
21949,1622
21950,316
21951,1037
21952,1037
21953,1037
21954,1190
21955,2003
21956,2387
21957,143
21957,1356
21958,1983
21958,2331
21959,2295
21960,2389
21961,2389
21962,2389
21963,2389
21964,2389
21970,2365
21974,55
21975,964
21982,2262
21983,901
21984,2228
21985,728
21986,1957
21988,278
21989,2389
21990,374
21990,439
21990,1715
21991,886
21992,2433
21993,1668
21994,1037
21995,1660
21996,1010
21997,502
22000,1548
22001,1970
22004,947
22005,947
22006,2389
22007,911
22008,1265
22009,1456
22010,627
22011,340
22012,502
22013,392
22014,886
22015,1993
22016,1363
22017,5
22018,569
22019,124
22020,886
22021,1120
22022,541
22023,1371
22024,727
22025,886
22026,643
22027,1069
22028,1077
22029,1959
22030,75
22031,592
22032,1752
22033,1413
22034,1398
22035,2380
22036,477
22037,1984
22038,1917
22039,975
22040,36
22042,660
22046,2348
22047,984
22048,2354
22049,325
22050,55
22051,2352
22052,474
22052,939
22053,1252
22054,329
22055,895
22056,1217
22057,1210
22058,2162
22059,1461
22060,1683
22061,709
22062,1630
22063,816
22064,1252
22065,327
22065,949
22065,2449
22067,1672
22068,683
22069,678
22071,1694
22072,2293
22073,660
22074,2390
22080,1329
22081,267
22083,1286
22084,1808
22085,1614
22088,2350
22089,2029
22090,2334
22091,869
22092,2199
22093,1616
22098,1707
22099,2296
22100,82
22101,1191
22103,1932
22104,1364
22105,742
22106,1832
22106,2277
22109,1813
22110,200
22111,9
22112,778
22112,2188
22113,1772
22114,2396
22115,8
22115,2046
22116,357
22117,747
22121,788
22122,1136
22128,1885
22129,2187
22130,783
22133,1401
22137,549
22138,1684
22139,610
22140,1871
22141,1754
22143,1693
22144,1469
22145,423
22145,2367
22146,736
22147,1610
22148,1299
22149,950
22150,370
22151,1122
22152,1030
22153,435
22154,801
22155,2150
22156,2154
22157,690
22158,102
22159,1714
22160,1970
22161,1155
22162,968
22163,406
22164,215
22164,319
22164,1260
22165,384
22166,1749
22167,256
22167,1649
22168,856
22169,1858
22170,404
22171,1702
22171,2302
22172,1298
22174,1428
22179,1115
22180,2184
22181,2210
22182,810
22183,206
22184,436
22188,1442
22189,938
22190,845
22191,335
22192,1768
22193,938
22194,938
22195,1877
22196,1588
22201,2307
22202,1725
22203,1158
22207,30
22208,30
22209,30
22210,30
22211,30
22212,30
22213,1342
22214,1294
22214,1417
22215,1841
22216,2383
22217,2328
22218,1937
22221,2142
22222,382
22223,614
22224,1579
22225,2110
22226,343
22226,2242
22227,586
22228,30
22229,30
22230,30
22231,30
22233,30
22234,30
22235,157
22237,2437
22238,2155
22240,1371
22241,579
22242,2294
22243,2110
22244,2110
22245,2261
22246,1298
22247,2026
22248,1298
22249,1468
22250,1128
22251,2204
22252,2267
22253,1647
22254,479
22254,1774
22255,660
22256,351
22257,1964
22258,738
22259,46
22259,228
22259,352
22259,2004
22260,2001
22261,246
22262,1447
22264,1887
22270,1037
22271,1655
22272,2018
22273,1523
22274,1848
22275,5
22278,2320
22281,751
22286,1830
22287,1703
22288,743
22289,1236
22290,1319
22291,1377
22292,1345
22293,887
22294,1792
22296,73
22298,502
22304,1346
22305,257
22306,216
22307,2086
22308,358
22310,74
22311,2199
22312,255
22313,1275
22314,1095
22315,266
22317,1094
22319,710
22320,1482
22320,1836
22321,1347
22322,1278
22323,1437
22324,1065
22325,1547
22326,2034
22328,503
22329,1658
22330,490
22331,627
22332,1771
22333,1031
22334,1768
22344,1274
22348,2320
22349,1917
22350,710
22350,1691
22351,1104
22351,1289
22352,2247
22353,1804
22354,1453
22355,376
22356,2097
22357,386
22358,756
22362,772
22363,66
22364,29
22365,328
22366,282
22366,1692
22367,1861
22369,463
22370,1878
22370,2085
22371,415
22373,66
22374,66
22375,66
22376,2012
22377,2398
22378,1945
22379,1342
22380,1841
22382,107
22383,1320
22384,374
22384,439
22385,146
22385,2200
22386,1941
22387,590
22388,590
22389,2294
22390,2294
22391,25
22392,50
22393,936
22394,1253
22394,2028
22395,173
22396,1927
22397,368
22398,458
22399,401
22400,1630
22401,1232
22402,2457
22403,1225
22404,169
22405,24
22405,945
22405,1444
22406,1207
22407,1805
22408,72
22409,1221
22410,15
22411,1841
22412,364
22413,981
22414,895
22415,1217
22415,1438
22417,1146
22418,264
22419,1803
22420,2138
22421,2108
22422,640
22427,25
22428,2165
22429,445
22430,1400
22431,2032
22432,1898
22433,2185
22434,78
22435,938
22436,938
22437,938
22438,938
22442,1616
22443,689
22444,938
22445,938
22447,2224
22449,994
22450,1428
22452,2095
22458,2092
22459,2183
22462,1040
22462,1423
22463,447
22464,2195
22465,443
22466,302
22467,771
22468,782
22469,875
22470,1428
22471,1428
22474,1965
22475,135
22476,1293
22477,2220
22478,470
22479,554
22480,528
22481,177
22482,201
22484,1740
22485,1860
22493,636
22493,1610
22495,1732
22496,1012
22497,152
22498,808
22499,388
22500,92
22501,1012
22502,1845
22503,2403
22504,2403
22505,366
22506,2039
22507,2278
22514,716
22515,716
22516,320
22517,1247
22518,1042
22519,1722
22520,366
22521,1107
22522,1539
22524,1739
22525,1512
22526,992
22527,1537
22528,1042
22530,1042
22531,1712
22532,666
22533,1266
22534,2182
22536,1756
22537,635
22538,1829
22539,972
22539,1759
22540,1829
22541,604
22542,340
22543,2235
22544,743
22545,743
22546,2198
22547,898
22548,1822
22549,2227
22557,886
22558,2366
22559,974
22560,2243
22561,263
22562,407
22562,1505
22563,480
22564,514
22564,2117
22565,1873
22566,545
22567,1864
22569,85
22570,2284
22571,545
22572,1033
22573,503
22574,1147
22575,896
22576,1185
22577,1623
22580,1290
22581,2149
22582,2109
22583,545
22584,545
22585,2076
22587,2418
22588,366
22590,1917
22593,1031
22594,663
22595,1382
22596,213
22598,2272
22599,1344
22600,1044
22601,1921
22602,976
22603,976
22604,976
22605,1909
22606,1047
22607,1794
22608,1012
22609,493
22610,980
22611,331
22612,313
22613,313
22630,587
22631,1368
22632,752
22633,946
22634,1564
22635,1564
22636,1564
22637,2440
22638,404
22639,1955
22640,741
22641,1043
22642,406
22643,1135
22644,1755
22645,1261
22646,93
22647,499
22651,764
22652,1801
22653,1609
22654,1357
22655,1427
22656,1782
22657,1742
22658,619
22659,403
22660,54
22661,529
22662,132
22663,1538
22664,1911
22665,206
22666,583
22667,1168
22668,1395
22671,40
22672,342
22673,1427
22674,1427
22675,1008
22676,1876
22677,1875
22678,359
22679,272
22680,88
22681,1204
22682,1600
22683,366
22684,918
22686,688
22687,1869
22688,7
22689,34
22690,77
22691,2176
22692,2009
22692,2144
22693,2037
22694,1292
22695,2174
22696,1262
22696,1357
22697,846
22698,395
22699,846
22700,203
22701,274
22702,179
22703,2178
22704,96
22706,1919
22707,442
22708,1671
22709,252
22710,542
22711,38
22711,2377
22714,2275
22715,1375
22716,345
22717,1309
22718,1879
22722,1522
22723,1636
22724,1818
22725,1986
22726,1537
22727,2400
22728,1473
22729,1972
22730,1643
22731,351
22732,311
22732,1833
22733,57
22734,2156
22735,2427
22740,2427
22741,2427
22742,664
22743,2253
22744,249
22745,2235
22746,1802
22747,556
22748,114
22750,1797
22752,1797
22753,1797
22754,1797
22755,1797
22756,1797
22757,1797
22758,1693
22759,719
22760,432
22761,1484
22762,1426
22763,667
22764,1498
22765,763
22766,123
22767,671
22768,889
22769,1436
22770,485
22771,1484
22772,852
22773,852
22774,852
22775,852
22777,852
22779,852
22780,581
22780,1723
22781,1993
22782,1841
22784,1215
22785,875
22789,1318
22790,2429
22791,2086
22792,867
22793,1975
22794,2217
22795,1644
22796,535
22797,2386
22798,41
22798,140
22799,1252
22800,1850
22801,583
22802,448
22803,1700
22804,1644
22807,894
22808,1803
22809,1479
22810,1244
22812,2034
22813,304
22813,1434
22817,2034
22818,1607
22819,2034
22820,2436
22821,2034
22822,1748
22823,1854
22824,130
22825,2034
22826,1489
22828,1970
22829,44
22830,2229
22831,1340
22833,404
22834,273
22838,2423
22839,2380
22840,502
22842,2034
22843,2034
22844,1468
22845,906
22846,116
22847,2034
22848,2034
22849,2034
22850,983
22851,2428
22852,310
22853,1723
22855,1970
22856,1964
22857,1123
22858,697
22860,697
22861,2407
22862,1674
22863,1845
22864,697
22865,1616
22867,270
22868,693
22872,2444
22873,435
22874,1556
22877,697
22878,1314
22879,2142
22880,1791
22881,1791
22882,1736
22883,285
22884,1642
22885,1700
22886,1061
22886,1514
22887,576
22888,1838
22889,1484
22890,927
22892,591
22893,1613
22894,22
22895,2407
22896,620
22896,966
22898,742
22899,728
22900,970
22901,2087
22902,391
22903,1738
22904,875
22907,1307
22908,1307
22909,696
22910,900
22911,1298
22912,62
22913,697
22914,697
22915,716
22916,170
22917,2233
22919,1302
22920,2013
22921,1390
22923,1066
22924,2389
22925,978
22926,1333
22927,553
22928,1088
22929,522
22930,2184
22931,2029
22942,100
22947,1793
22948,1380
22950,2180
22951,1015
22952,2441
22958,390
22959,907
22960,2407
22963,1718
22964,497
22965,1402
22966,578
22967,1469
22968,1664
22969,731
22970,2348
22971,2444
22973,783
22974,2409
22975,660
22976,1410
22977,1647
22978,1336
22979,2409
22982,876
22983,248
22983,847
22985,1595
22986,1041
22987,2409
22990,2419
22991,918
22993,76
22995,2322
22996,2067
22997,178
22998,2232
22999,55
23000,2390
23001,1085
23001,1597
23002,717
23002,2369
23003,920
23004,1992
23005,1169
23006,643
23007,2187
23008,2248
23009,1746
23010,1325
23011,1301
23012,1316
23013,380
23013,451
23013,2105
23014,1270
23015,1733
23016,498
23017,906
23018,129
23020,1632
23021,712
23022,1465
23023,922
23024,1462
23026,1630
23027,796
23028,171
23029,401
23029,1023
23029,1024
23029,1805
23029,1847
23031,72
23035,1179
23036,1780
23037,713
23038,15
23040,1213
23041,1254
23042,1466
23043,1481
23044,1633
23052,1105
23055,1228
23056,1808
23057,10
23059,1550
23060,1208
23061,647
23062,2098
23064,1552
23065,104
23066,1219
23067,698
23068,1776
23069,705
23070,517
23071,1318
23073,1138
23074,2197
23075,886
23076,1229
23076,1781
23077,573
23077,2258
23078,2112
23079,1638
23083,2057
23084,258
23085,252
23088,2378
23089,973
23090,292
23091,1788
23092,2275
23093,2275
23094,2141
23095,486
23096,1752
23097,743
23098,1908
23099,874
23100,1730
23102,1943
23103,2136
23104,681
23105,616
23106,2165
23107,726
23108,1846
23109,339
23110,2260
23111,873
23112,139
23113,2295
23116,1133
23117,1491
23118,65
23119,2269
23120,1639
23121,1136
23122,2228
23123,830
23124,830
23127,1147
23128,1676
23129,480
23130,480
23131,709
23132,702
23132,1929
23133,480
23134,2088
23135,480
23136,480
23137,480
23138,2030
23139,85
23140,2340
23143,219
23145,937
23146,1551
23147,157
23148,2224
23149,607
23150,801
23152,1510
23153,1773
23154,1773
23155,930
23156,1580
23157,465
23158,1495
23159,331
23160,2088
23161,1271
23162,493
23163,1037
23164,1712
23165,1712
23167,1775
23168,1688
23171,158
23172,110
23173,933
23174,1616
23176,1256
23177,2188
23178,1661
23179,1661
23180,1155
23181,1516
23181,2319
23182,1628
23183,2189
23184,1093
23185,36
23186,2340
23187,1675
23188,1992
23194,450
23195,138
23196,1592
23197,503
23198,2076
23199,1840
23200,1756
23201,185
23202,62
23203,1488
23204,2361
23207,2199
23208,1645
23208,2280
23211,1088
23212,1650
23213,938
23214,694
23215,1841
23218,2000
23218,2053
23220,1267
23221,686
23222,775
23223,228
23225,577
23226,846
23227,2003
23228,636
23228,1610
23229,886
23230,846
23231,846
23232,1917
23233,846
23234,2271
23235,846
23236,846
23237,846
23238,846
23239,625
23240,1723
23242,275
23242,1285
23243,2034
23244,1735
23246,1868
23247,355
23248,1970
23249,916
23250,403
23254,1640
23255,2080
23256,1643
23264,1867
23267,61
23268,968
23272,636
23272,1610
23273,2373
23274,710
23277,1475
23278,636
23278,1610
23280,249
23281,1963
23282,636
23282,1610
23284,636
23284,1610
23292,1507
23293,328
23294,636
23294,1610
23297,1610
23299,1633
23300,1424
23301,206
23302,382
23303,1397
23304,1914
23305,1462
23306,948
23307,2135
23308,1718
23308,2203
23312,1647
23313,1647
23314,1801
23315,1647
23316,1647
23317,1647
23323,1
23331,145
23332,1879
23333,264
23334,2429
23335,951
23336,1703
23337,1616
23340,495
23341,1223
23341,2314
23342,2404
23343,2158
23344,1782
23345,1600
23350,2318
23353,1277
23353,1737
23354,103
23355,1348
23361,1192
23363,482
23364,108
23366,2425
23368,2152
23369,935
23375,2389
23379,2257
23380,836
23380,1570
23381,1791
23388,2132
23390,1141
23393,211
23395,499
23400,181
23402,111
23404,2075
23406,782
23409,777
23414,2219
23416,1291
23421,2234
23423,1518
23425,1956
23426,1335
23429,245
23434,2249
23439,5
23439,667
23439,1298
23445,487
23451,1754
23452,1593
23459,597
23465,774
23472,696
23477,2265
23480,1849
23485,691
23491,1477
23492,1335
23497,2080
23507,2313
23510,709
23514,1503
23517,1220
23518,712
23520,242
23525,52
23528,1451
23530,1096
23531,106
23534,1927
23540,401
23544,639
23547,50
23550,1175
23555,1950
23556,402
23561,1439
23568,2326
23570,1360
23574,199
23574,2255
23575,1203
23575,1224
23576,1230
23578,1490
23580,457
23584,364
23584,761
23586,276
23590,1805
23592,618
23594,1584
23595,1499
23596,1315
23596,1966
23600,1653
23601,166
23605,105
23605,1528
23606,628
23606,677
23610,1585
23614,1106
23616,1844
23618,638
23622,48
23624,704
23625,958
23626,1841
23627,1841
23628,1841
23630,142
23630,1075
23630,1113
23630,1173
23630,1559
23630,1637
23630,1717
23630,2045
23630,2058
23630,2103
23630,2196
23636,1741
23642,1882
23647,1732
23652,1554
23652,1616
23655,1902
23659,1038
23665,1745
23667,1034
23672,892
23672,1407
23674,1519
23681,1040
23681,1423
23686,2002
23689,1852
23692,67
23695,2056
23699,1053
23699,1560
23703,39
23709,1078
23709,2077
23709,2115
23714,823
23714,991
23714,1816
23717,588
23721,2240
23728,993
23728,2177
23733,934
23734,630
23735,2207
23736,1007
23751,1710
23753,1949
23759,2400
23765,1048
23770,16
23773,1042
23775,1042
23781,127
23781,2211
23783,743
23791,998
23798,436
23803,877
23807,354
23810,897
23829,1018
23838,2031
23839,1760
23844,1958
23849,871
23851,1747
23853,363
23860,312
23862,1704
23867,980
23871,1161
23876,862
23878,883
23880,296
23889,1298
23896,1525
23904,752
23909,1255
23920,574
23926,1618
23932,1364
23936,1769
23941,1841
23949,1699
23954,304
23961,2048
23965,1820
23967,1703
23970,1298
23979,1536
23981,2405
23983,764
23987,405
23989,1135
23990,954
23995,1340
24000,262
24002,1422
24017,1970
24022,2127
24026,942
24033,1422
24036,1422
24038,1422
24040,1422
24044,387
24063,735
24063,2010
24074,2261
24118,462
24118,525
24124,1545
24129,429
24139,81
24141,86
24143,805
24145,2261
24146,120
24150,770
24153,2290
24154,786
24155,2107
24160,1841
24165,1170
24165,2342
24179,1468
24185,378
24189,2018
24190,1799
24191,916
24204,524
24210,1311
24218,334
24223,1823
24225,1892
24234,698
24235,589
24235,1895
24247,1962
24247,2385
24254,698
24259,711
24259,1824
24261,1711
24269,1294
24269,1417
24274,112
24280,2176
24287,1171
24292,1083
24300,334
24305,2292
24308,334
24312,399
24318,875
24321,2287
24323,1696
24327,318
24327,1843
24329,1083
24335,2157
24340,843
24346,875
24349,2273
24354,1158
24358,772
24358,1355
24358,1486
24358,1493
24358,1564
24358,1974
24358,2083
24363,273
24369,2069
24372,1627
24380,537
24387,716
24390,1925
24394,2018
24396,1323
24399,813
24401,1693
24405,2344
24407,162
24411,648
24414,1442
24416,1326
24421,2399
24422,1548
24426,1073
24426,1334
24426,2181
24426,2329
24460,1815
24474,1129
24478,1411
24481,498
24481,1157
24487,1396
24489,2113
24489,2130
24496,1071
24496,1420
24500,2199
24504,2353
24508,40
24511,2307
24516,499
24520,787
24521,863
24521,1067
24524,2029
24530,57
24538,1714
24542,1993
24549,1802
24554,99
24554,194
24554,195
24554,1987
24558,149
24558,1689
24558,1907
24558,2254
24558,2332
24558,2341
24560,440
24560,1905
24560,2066
24560,2358
24563,1884
24568,1831
24575,1701
24578,653
24580,1827
24582,383
24583,453
24585,1993
24589,413
24591,2434
24594,189
24596,350
24598,212
24600,585
24606,2445
24611,1142
24613,632
24613,1112
24616,395
24623,1296
24626,1595
24633,1436
24636,1618
24642,1954
24645,478
24650,1436
24656,1142
24664,233
24666,566
24671,995
24671,2073
24674,502
24682,411
24685,1913
24698,1887
24706,7
24715,1970
24723,2410
24726,1748
24733,1464
24738,25
24742,952
24747,729
24753,690
24757,1183
24764,1497
24767,1206
24770,2025
24774,2028
24779,331
24783,1782
24787,472
24792,1630
24796,45
24801,1250
24806,323
24816,2453
24822,408
24827,1568
24829,1568
24834,457
24838,347
24843,1332
24849,385
24854,839
24858,1233
24861,1226
24865,1695
24866,641
24870,1440
24872,1182
24879,58
24882,1459
24887,678
24892,848
24894,957
24896,713
24906,1222
24908,796
24910,1660
24919,722
24927,480
24932,916
24934,2224
24938,996
24943,2189
24947,2421
24947,2444
24950,2444
24964,695
24970,2411
24972,1727
24974,567
24981,1620
24986,1705
24991,2062
24998,1142
25002,2230
25008,1394
25011,349
25015,2142
25023,2104
25027,2355
25029,2417
25032,156
25034,1811
25036,645
25038,393
25041,2272
25043,2191
25047,386
25049,2044
25050,1803
25053,29
25055,145
25058,1761
25059,1303
25062,119
25067,2343
25069,489
25071,1327
25073,208
25074,2199
25078,1937
25082,444
25082,2357
25085,1406
25086,306
25090,1853
25090,2033
25095,2200
25098,1993
25100,2051
25102,1787
25104,58
25107,1471
25107,1716
25110,1248
25112,1968
25117,837
25120,396
25120,1152
25123,1670
25123,2033
25123,2241
25126,1391
25127,373
25127,1646
25129,1496
25134,2197
25136,1758
25147,1161
25149,1161
25151,1349
25151,1457
25151,1903
25151,2329
25151,2408
25153,70
25153,754
25153,1392
25153,2329
25153,2360
25154,1132
25157,828
25158,2153
25160,1132
25163,1365
25167,76
25167,82
25167,300
25167,394
25167,475
25167,753
25167,845
25167,846
25167,857
25167,946
25167,1118
25167,1743
25167,1754
25167,1756
25167,1967
25167,2227
25167,2307
25167,2366
25167,2380
25167,2391
25171,1132
25173,1010
25176,1132
25178,1366
25182,369
25185,222
25185,346
25188,1132
25191,851
25194,821
25199,298
25204,1826
25208,855
25213,18
25217,36
25221,1796
25225,1455
25228,152
25231,758
25233,1681
25236,2096
25242,1362
25247,846
25249,1935
25253,893
25255,503
25259,1245
25262,1591
25264,2318
25266,655
25268,1654
25270,740
25274,2231
25278,1445
25279,1654
25281,1543
25281,1977
25285,715
25288,1616
25292,424
25295,1054
25298,192
25298,1656
25303,1654
25308,768
25312,164
25318,1607
25328,1702
25328,2302
25330,386
25333,1625
25334,2192
25336,180
25338,638
25340,1135
25342,1436
25344,1142
25346,2017
25348,1142
25350,580
25351,549
25354,164
25356,1130
25360,2018
25362,2415
25366,1596
25367,997
25369,1436
25370,1249
25372,2017
25374,1249
25376,516
25380,657
25384,1401
25385,1604
25387,2091
25391,2120
25396,716
25401,229
25401,1938
25405,317
25409,813
25413,800
25415,523
25419,1790
25423,2102
25426,2390
25430,652
25432,2080
25434,769
25437,121
25439,638
25461,2294
25464,732
25468,1982
25471,1470
25475,328
25478,727
25481,1246
25485,136
25488,2112
25492,890
25492,1912
25494,903
25497,1304
25501,1117
25503,430
25507,145
25511,1118
25514,679
25514,1118
25518,1118
25520,1118
25521,846
25525,1282
25528,1624
25530,290
25532,526
25536,2328
25539,116
25543,1188
25547,1564
25549,1995
25551,679
25551,1118
25555,1741
25558,1829
25563,1241
25566,2238
25569,1721
25571,1003
25573,1665
25578,929
25580,309
25582,115
25583,590
25585,60
25587,1237
25587,2038
25590,2257
25592,98
25595,2173
25598,1899
25599,1544
25604,2409
25608,1082
25614,109
25618,1092
25620,1028
25620,2448
25621,755
25623,765
25625,1252
25629,1541
25629,1951
25632,927
25634,1202
25638,519
25638,2327
25640,1433
25642,983
25645,2094
25647,669
25649,2100
25651,1839
25653,675
25656,953
25656,1359
25659,49
25661,1218
25663,1021
25663,1784
25665,1685
25667,816
25670,167
25672,2098
25674,982
25677,106
25680,2024
25683,1022
25685,1568
25687,500
25688,647
25689,1099
25691,834
25694,438
25694,649
25697,2022
25699,841
25701,2126
25703,1167
25707,1782
25709,952
25711,1549
25715,1440
25716,709
25716,946
25716,1023
25716,1503
25716,2400
25718,307
25720,27
25720,1212
25722,684
25724,53
25724,1200
25726,59
25728,1432
25730,707
25731,1441
25737,1357
25740,2159
25742,2280
25744,1018
25746,426
25748,696
25751,916
25753,1647
25756,437
25759,375
25762,1513
25762,2363
25766,1381
25766,1686
25768,286
25772,1889
25775,159
25775,1980
25779,2400
25781,2400
25784,2400
25786,1124
25789,1909
25789,2010
25791,1388
25794,2400
25796,2400
25798,2049
25801,1339
25805,1317
25807,1317
25809,1317
25811,42
25813,1687
25817,431
25820,1674
25823,1155
25826,476
25829,484
25832,744
25834,824
25840,878
25843,1097
25846,85
25848,1127
25850,830
25852,2303
25854,2442
25856,1108
25858,743
25862,2199
25867,944
25870,153
25874,2131
25878,69
25882,1147
25885,297
25893,1039
25897,1900
25900,2400
25902,2400
25905,2400
25907,2400
25909,2400
25911,2400
25915,1657
25918,6
25921,6
25925,2184
25927,1870
25929,1393
25932,31
25932,367
25932,372
25932,611
25932,1472
25932,1515
25932,1714
25932,1726
25932,2084
25938,1756
25941,671
25944,2274
25948,381
25951,187
25951,1933
25954,1431
25956,2304
25958,1566
25961,1851
25963,1419
25966,295
25968,1537
25974,197
25974,1728
25974,2330
25976,998
25980,2142
25983,1215
25986,118
25990,351
25993,852
25999,436
26003,1161
26003,2376
26006,867
26009,575
26012,1367
26015,854
26017,293
26021,879
26022,1436
26026,17
26028,475
26028,2380
26032,1890
26036,2111
26040,946
26045,942
26049,499
26052,499
26055,499
26058,499
26064,1102
26067,220
26070,2246
26074,78
26077,2336
26079,2409
26083,2259
26087,1562
26092,2206
26095,2336
26099,2336
26101,351
26103,1641
26106,2256
26110,174
26113,539
26117,1387
26127,2336
26129,2336
26132,2336
26134,2335
26137,182
26144,914
26147,612
26147,2221
26150,22
26153,362
26156,1773
26158,1708
26161,141
26164,710
26168,1040
26168,1423
26172,190
26175,1135
26178,294
26180,1483
26185,200
26189,595
26213,1880
26221,971
26223,653
26226,2289
26230,1305
26233,1139
26233,1216
26236,67
26239,231
26244,1149
26246,288
26249,2013
26251,2262
26254,727
26258,2198
26263,2212
26267,626
26270,480
26278,486
26283,1171
26288,846
26298,1924
26300,1870
26302,2079
26306,1151
26312,2209
26317,2410
26322,2212
26326,2071
26331,1364
26336,2036
26343,2047
26346,1330
26349,1904
26350,1855
26353,1744
26355,133
26355,2311
26359,1341
26361,668
26361,1586
26364,2188
26368,33
26368,2074
26368,2139
26370,457
26375,326
26379,759
26382,1783
26386,1231
26391,348
26393,84
26397,674
26400,49
26404,1926
26408,47
26413,1199
26416,1201
26420,1203
26420,1224
26422,1211
26429,459
26434,324
26438,931
26441,687
26445,314
26450,71
26453,1504
26453,1863
26459,2161
26463,1662
26468,2314
26471,1223
26478,794
26481,551
26481,2193
26484,654
26484,853
26487,1370
26489,2015
26491,2365
26495,1748
26501,1038
26507,1616
26513,1724
26518,1837
26523,305
26528,1915
26533,1083
26538,1922
26544,1751
26551,1296
26556,1354
26561,2309
26570,1998
26576,1779
26581,840
26585,184
26590,2389
26596,1187
26601,1210
26606,679
26606,1118
26611,1790
26614,667
26616,716
26618,802
26620,606
26622,2237
26624,1013
26626,1414
26628,1036
26630,2251
26649,2199
26657,1081
26660,14
26663,1328
26668,1450
26674,250
26681,214
26687,361
26696,2250
26705,1922
26715,404
26728,739
26736,1002
26742,1011
26779,745
26784,1298
26791,1557
26798,154
26798,2062
26809,2072
26817,583
26822,1939
26828,134
26837,388
26848,243
26848,757
26858,1194
26864,2318
26866,1918
26877,134
26880,134
26883,134
26888,2189
26895,723
26897,959
26908,1663
26911,1651
26915,321
26927,1605
26935,403
26946,804
26956,858
26960,596
26968,1351
26976,1357
26982,2189
26986,2106
26988,1056
26996,253
27002,2184
27008,1188
27015,1035
27025,156
27035,669
27042,1035
27046,337
27059,5
27067,1841
27076,2143
27081,1006
27086,923
27090,1916
27093,219
27096,1006
27100,2338
27106,168
27112,2140
27115,122
27117,888
27119,989
27121,1494
27123,360
27125,1189
27129,409
27131,1946
27134,2266
27136,233
27139,2458
27144,1753
27153,112
27161,2079
27171,1163
27178,425
27187,1581
27195,85
27198,147
27205,960
27213,2420
27214,891
27221,332
27228,2226
27239,207
27242,223
27245,2420
27253,2329
27257,2239
27261,1449
27264,151
27267,151
27268,151
27272,151
27275,151
27280,151
27304,2003
27310,691
27317,1910
27321,2142
27325,1865
27332,23
27342,2261
27350,1791
27359,2390
27368,422
27368,430
27368,872
27368,940
27376,773
27380,1308
27382,2004
27386,1131
27393,2018
27396,1413
27407,842
27407,1017
27407,1374
27407,1567
27407,1842
27407,1948
27415,126
27415,210
27415,527
27415,870
27415,1091
27415,1978
27415,2082
27415,2090
27422,1016
27422,1535
27422,1682
27422,1881
27422,2082
27422,2397
27427,232
27427,543
27427,881
27427,1337
27427,2297
27436,449
27436,572
27436,624
27436,676
27436,734
27436,1565
27444,148
27444,236
27444,419
27444,466
27444,1385
27444,1530
27444,1698
27444,2310
27454,518
27454,967
27454,988
27454,1014
27454,1883
27454,2063
27466,87
27466,621
27466,1063
27466,1064
27466,1111
27466,1979
27466,2446
27473,1012
27484,2060
27484,2129
27496,1764
27503,1600
27511,679
27511,1118
27524,2422
27531,273
27541,1318
27550,217
27552,799
27555,1534
27562,2
27567,85
27579,968
27586,1970
27593,1088
27607,2183
27620,1446
27626,2083
27632,2276
27636,1589
27640,155
27643,277
27646,248
27649,2402
27651,1343
27655,2218
27659,825
27664,1140
27674,1018
27684,2439
27692,795
27707,908
27720,1373
27729,1401
27735,380
27746,727
27759,1257
27761,2375
27763,1300
27765,1460
27772,1092
27777,886
27790,2299
27803,1554
27806,1041
27815,1601
27828,82
27832,1430
27837,1607
27839,701
27843,90
27845,1487
27847,136
27851,1162
27853,1767
27855,1553
27855,2430
27857,494
27861,2454
27870,2379
27873,1474
27879,331
27884,512
27889,1485
27893,408
27898,19
27903,895
27907,2167
27910,651
27913,401
27917,599
27917,699
27921,1617
27924,1540
27924,2356
27929,25
27937,1461
27939,1435
27942,2005
27949,221
27952,1729
27959,251
27961,727
27966,1782
27970,1288
27974,2447
27986,2384
27991,1121
27995,1425
28005,875
28008,2034
28017,85
28018,2295
28025,749
28030,812
28034,289
28041,2068
28043,2426
28044,2365
28046,408
28051,128
28054,1615
28058,377
28074,2300
28079,1421
28085,1484
28091,861
28098,1558
28098,1828
28105,2389
28112,2089
28119,2339
28128,2190
28133,918
28137,751
28141,289
28147,627
28159,1616
28167,1949
28179,1949
28199,859
28205,1741
28221,1725
28236,36
28249,2410
28264,634
28264,1264
28266,1820
28274,1284
28278,403
28281,403
28284,403
28290,2298
28302,403
28307,1719
28314,2252
28319,547
28328,1913
28341,1914
28349,341
28353,2114
28353,2424
28356,30
28369,1101
28378,969
28384,1573
28391,1052
28403,124
28410,1755
28417,1009
28420,1025
28424,727
28428,743
28438,2227
28446,455
28454,75
28468,540
28470,1433
28474,631
28474,1578
28478,1795
28480,1273
28492,1079
28499,814
28513,1225
28517,2199
28529,2389
28535,532
28542,5
28555,772
28570,296
28573,43
28577,46
28583,913
28589,2305
28594,809
28597,1901
28605,1331
28609,2414
28615,74
28617,1019
28625,365
28627,2148
28629,602
28629,835
28632,251
28640,1731
28651,95
28651,283
28651,696
28651,1195
28651,1660
28651,1697
28651,1928
28651,2146
28651,2155
28651,2388
28651,2437
28666,2215
28666,2364
28670,1405
28685,491
28688,1756
28697,269
28700,1957
28705,2223
28709,1957
28714,12
28718,412
28729,424
28735,1647
28746,1181
28752,2126
28766,714
28766,1026
28771,180
28777,455
28783,660
28787,1711
28789,1598
28791,480
28793,917
28795,913
28799,913
28803,1825
28805,913
28809,913
28812,176
28830,2014
28833,2040
28837,1046
28842,85
28844,1537
28847,1241
28861,2413
28870,2176
28880,1618
28884,2333
28889,987
28896,1870
28901,480
28908,2301
28918,1861
28927,866
28936,829
28936,2392
28943,196
28947,486
28956,679
28956,1118
28958,57
28961,1524
28965,902
28976,1989
28976,2270
28980,557
28989,544
29002,416
29005,1129
29012,506
29025,1055
29025,1999
29029,716
29036,1491
29036,2373
29042,701
29046,1722
29052,353
29058,2019
29064,28
29064,1814
29070,471
29075,2323
29078,1178
29078,1234
29081,2024
29085,433
29088,97
29088,328
29088,557
29088,706
29088,765
29088,795
29088,1500
29088,1806
29088,2023
29088,2024
29095,322
29108,1568
29112,1720
29115,598
29115,699
29117,473
29117,559
29121,1165
29121,1214
29125,1240
29128,464
29131,1652
29134,4
29138,402
29154,1777
29156,1399
29158,1251
29160,2137
29162,454
29172,330
29174,1953
29182,1298
29187,1431
29192,2264
29198,720
29198,1944
29207,1352
29212,946
29216,1092
29219,1102
29225,1089
29230,1074
29235,837
29238,481
29243,918
29250,685
29252,64
29255,833
29258,188
29258,1511
29260,849
29262,839
29266,2389
29272,1296
29276,382
29281,2236
29285,1819
29285,2093
29289,1454
29291,1913
29294,1626
29296,2414
29299,1621
29302,1621
29306,2245
29309,1100
29309,1263
29312,281
29312,629
29315,955
29318,1037
29322,744
29325,1587
29329,925
29331,1309
29333,646
29337,2400
29341,561
43507,1431
43511,703
43513,200
43519,427
43524,2216
43530,826
43533,743
43538,538
43543,1665
43547,2145
43550,884
43554,1894
43558,609
43565,899
45753,1610
45755,885
45759,434
52383,744
52422,265
52429,737
52441,1537
52463,329
52849,1287
52854,2201
53596,1071
53847,2121
53847,2281
53937,1841
53944,193
53952,2259
53955,467
53964,1650
53971,910
53982,32
53996,802
54000,2224
54010,807
54021,1243
54030,338
54038,1724
54046,1005
54055,1357
54274,1269
54280,393
54283,582
54287,2435
54291,2435
54323,2043
54679,1037
54873,1711
55391,1141
55406,1531
55411,1109
55459,2128
55483,998
55622,260
55649,1711
55774,658
55788,1150
55923,790
56448,642
56565,1409
56714,137
57001,204
57007,437
57017,2205
57019,2309
57805,2444
57807,308
57807,919
57807,2381
57809,1379
57811,1372
57813,410
57813,546
57815,904
57817,291
57819,291
57821,291
57826,291
57828,291
57830,291
57832,291
58155,36
58219,483
58514,1779
59485,1447
59507,1238
59523,795
59528,782
59540,1888
59591,1661
59599,112
59609,2256
59614,1259
59626,1778
59656,1997
59669,1786
59696,2288
59715,352
59727,882
59736,1137
59951,2410
60063,2081
60681,818
60701,1694
60706,1893
60709,746
60709,1757
60713,371
60718,1070
60718,2013
60731,356
60733,1086
60755,670
60802,571
61364,1595
61454,491
61763,122
62667,1098
62688,1711
63239,1049
63302,124
63428,1714
63480,333
63570,1932
63589,925
63720,2362
63980,2206
64003,732
64566,1896
64574,1619
64577,1920
64583,76
64587,305
64595,656
64696,2034
64703,2118
64709,490
64768,1616
64794,1526
64797,1748
64891,2170
64965,824
65203,637
65208,1478
65213,2189
65221,1835
65226,2451
65233,1480
65237,471
65246,985
65246,2452
65252,556
65330,441
65406,329
65482,1537
66015,456
66207,1010
66453,433
66467,927
66471,2042
66482,72
66490,932
66548,831
67233,536
67240,560
67249,56
67255,24
67265,2455
68097,315
68353,1838
68359,1766
68364,254
69260,2382
69429,21
69431,2389
69437,1040
69437,1423
69707,1973
70013,1145
70312,1782
70436,29
70444,1678
70449,1448
70454,89
70459,1309
70465,1837
70472,1279
70486,1298
70495,1476
70503,1384
70533,1100
70533,1313
70547,461
70547,1930
70551,1931
70564,791
70573,1687
70821,2390
70828,94
70834,1589
70844,1914
70855,1772
70874,313
70961,487
70991,751
71006,1960
71030,163
71048,2189
71057,144
71231,124
71249,3
71363,2168
71710,1723
71770,2393
72379,1038
72397,1891
72597,393
72614,235
72770,951
72781,1555
72793,421
72842,1298
73125,2285
73207,980
73207,1669
73310,1994
73314,490
73322,1577
73334,1735
73430,1446
73436,1763
74252,1076
74498,1140
74506,1502
74525,917
74546,2380
74558,1711
74581,230
74583,1546
74585,2070
74654,241
74654,627
74654,772
74654,1223
74654,1252
74654,1364
74654,1782
74661,386
74663,151
74666,1808
74676,661
74676,1762
74681,1389
74846,1865
74848,91
74940,998
75040,2104
75099,277
75113,1942
75144,1563
75161,1458
75220,85
75370,724
75374,2213
75382,2365
75470,2395
75525,1478
75582,1412
75594,469
75808,63
76304,1443
76311,2318
76321,1517
76325,779
76332,2279
76341,1734
76353,521
76358,2367
76482,452
76487,921
76529,1045
76529,2346
76745,488
76745,1934
76748,2225
76753,227
77012,798
77069,1561
77135,1452
77141,963
77371,605
77371,2394
77516,11
77516,926
77911,1117
77919,2410
77924,1634
77935,121
78430,1629
78436,1272
78480,766
78523,2286
78703,231
78719,682
78721,1322
78741,1153
78852,238
79022,1062
79026,1103
79026,1976
79028,1119
79028,1810
79071,240
79088,2076
79096,118
79109,968
79221,1829
79224,1600
79229,2275
79239,2414
79244,147
79251,1856
79281,1891
79294,1680
79304,1097
79311,2338
79459,2280
79466,1386
79484,255
79494,1625
79559,1110
79564,1164
79587,156
79596,2345
79602,435
79957,193
79967,2035
80932,942
80935,2432
81028,2189
81309,601
81354,2021
81472,1533
81478,251
81487,417
82403,1909
82407,298
82422,508
82422,979
82428,1384
82429,1779
82434,2029
82444,339
82491,1789
82491,2372
82497,815
82497,1404
82503,430
82509,1562
82514,743
82524,2179
82529,803
82543,1711
82547,758
82553,1990
82565,2410
82570,499
82578,2159
82761,1815
82962,2301
82967,2071
82972,237
82972,261
82972,1051
83003,224
83008,2035
83212,534
83219,1050
83229,1171
83238,1288
83329,1812
83605,1784
84296,981
84322,499
84600,617
84612,165
84627,1550
84641,570
84647,1080
84650,1616
84654,2259
84657,1463
84664,2054
84673,1227
84682,83
84689,139
84720,2123
84726,1805
84731,13
84738,242
84743,2024
84759,1360
84767,72
84773,1785
84780,1617
84828,244
84835,850
84966,175
84972,175
85026,2412
85500,909
85540,1298
85949,1791
85955,480
85962,2198
86238,428
86604,2438
86618,1841
86638,2425
86659,878
86674,544
86692,2222
86718,1616
86726,1782
86733,252
86753,2291
86759,231
86767,1756
86773,406
86779,5
86850,424
86853,117
86862,905
86869,1857
86905,1283
86908,1897
86917,2399
86921,1573
86928,789
86934,1126
86951,925
86955,868
86960,1268
86963,1312
86969,864
86977,280
86977,1276
87321,328
87655,1711
87728,2142
88136,594
88428,2133
88940,1049
88944,1027
88947,1970
88951,1198
88957,2104
88961,806
88964,1196
89286,2147
89305,886
89323,821
89354,2212
89505,1197
89525,2064
89530,2268
89619,238
89991,1304
89991,1988
89996,2176
90016,1741
90023,220
90031,67
90045,593
90056,615
90068,860
90073,1713
90104,533
90108,515
90108,2116
90119,1788
90124,1059
90134,714
90141,2324
90149,496
90155,1057
90160,1403
90166,2228
90210,1148
90217,190
90241,269
90248,1072
91233,865
91243,2052
91250,379
91652,1574
91652,1648
91661,762
91671,1364
91692,2337
91700,2141
91883,2202
91886,1001
92409,1174
92418,1594
92477,2336
92480,2336
92483,2336
92619,2416
92629,832
92897,1177
93026,2119
93099,1798
93108,1945
93116,501
93122,2036
93127,1491
93137,2410
93149,389
93149,1114
93425,2078
93430,509
93442,1595
93465,565
93477,1794
93522,2008
93593,928
94545,2182
94556,1418
94575,1122
94590,1834
94603,1100
94603,1313
94608,2125
94623,1706
94696,1004
94706,2228
94708,1773
94740,2029
94775,1820
94781,700
94786,908
94795,493
94797,412
94810,2199
94814,6
94836,1186
94857,743
94866,76
94979,1193
94989,1602
94995,550
95015,2007
95038,844
95038,2013
95042,1295
95180,1711
95266,1154
95392,1309
95399,1448
95592,568
95731,1431
95767,82
95908,2171
95911,832
95947,68
95947,832
95947,1020
96185,1666
96224,838
96235,119
96248,37
96248,1152
96251,1429
96251,2374
96547,548
96684,827
96692,962
97057,2206
97327,205
97338,2312
97751,485
97752,1180
97756,1508
97764,1961
97770,1606
97775,268
97978,492
98053,1992
98061,2020
98069,644
98069,2055
98297,1542
98303,760
98310,20
98316,460
98323,558
98335,1501
98354,1485
98361,555
98363,344
98377,1855
98381,1038
98389,679
98389,1118
98398,1176
98406,1986
98415,1537
98417,2183
98426,1920
98435,1088
98444,2390
98450,299
98450,924
98462,1442
98466,503
98678,2353
98685,2110
98696,2188
98702,626
98705,329
98707,1923
98708,2079
98724,456
98736,456
98768,522
98774,262
98780,1235
98787,2321
98899,186
99104,730
99104,1428
99104,1571
99104,1897
99104,2163
99104,2371
99106,1416
99114,2180
99125,716
99135,1909
99618,403
99621,35
99637,1361
99775,150
99775,510
99777,209
100059,1357
100254,2122
100259,2356
100265,2028
100287,511
100287,2450
100295,1506
100305,2016
100368,961
100377,172
100387,113
100397,199
100405,941
100405,2124
100412,673
100423,72
100480,623
101028,1172
101034,986
101043,193
101157,1357
101176,1357
101934,1953
101957,2208
102005,1576
102008,1068
102009,2414
102020,1985
102026,1150
102041,1102
102049,477
102056,1517
102150,303
102150,414
102155,1416
102232,1384
102243,1083
102253,1159
102263,97
102268,1087
102280,2034
102348,912
102369,1350
102440,1667
102448,1677
102448,1936
102448,2059
102454,2151
102464,202
102468,584
102476,731
102485,1537
102768,1321
102777,160
102784,886
102793,877
102797,239
102898,1673
103008,336
103494,915
103683,665
103689,1690
103689,2172
103697,1298
103867,2186
103869,1879
104012,721
104188,603
104188,835
104437,2198
104493,125
104533,2061
104536,990
104539,100
104543,1090
104545,22
104876,436
104886,2175
104909,1582
105088,271
105088,2282
